{
  "frontend/eslint.config.js": 1775334991.123782,
  "frontend/vite.config.ts": 1776421342.6050334,
  "frontend/src/App.tsx": 1776289570.9913354,
  "frontend/src/main.tsx": 1775334991.129872,
  "frontend/src/vite-env.d.ts": 1776421334.3362777,
  "frontend/src/types/assessment.ts": 1776289404.3618374,
  "frontend/src/components/ResultsDisplay.tsx": 1775433019.691397,
  "frontend/src/components/ResultsHistory.tsx": 1776289723.221703,
  "frontend/src/components/HealthBadge.tsx": 1776289561.2793062,
  "frontend/src/components/ProgressTracker.tsx": 1776248419.1341748,
  "frontend/src/components/AssessmentForm.tsx": 1776289493.2746875,
  "frontend/src/api/assessment-api.ts": 1776421330.550979,
  "backend/config.py": 1776472789.177265,
  "backend/app.py": 1776472800.2842999,
  "backend/file_handling/__init__.py": 1775333189.4383552,
  "backend/file_handling/image_file_handler.py": 1775396715.2333078,
  "backend/core/similarity.py": 1776562180.9771981,
  "backend/core/scoring.py": 1776202447.8762717,
  "backend/core/__init__.py": 1775333189.4380836,
  "backend/core/ocr_google_vision.py": 1776566468.3627045,
  "backend/core/nlp.py": 1776202390.1639788,
  "backend/core/structure_extractor.py": 1776202423.281052,
  "backend/core/main.py": 1776202347.8893142,
  "backend/tests/test_evaluation_service.py": 1776472832.6422203,
  "backend/tests/test_health_route.py": 1776289132.254208,
  "backend/tests/conftest.py": 1775333423.8797596,
  "backend/tests/test_image_file_handler.py": 1775396731.5731254,
  "backend/tests/test_app_runtime.py": 1776472842.2513971,
  "backend/tests/test_progress_service.py": 1776289147.1739466,
  "backend/tests/test_assessment_service.py": 1775333353.1141293,
  "backend/tests/__init__.py": 1775333189.4384048,
  "backend/tests/test_assess_route.py": 1776289126.504232,
  "backend/tests/test_result_storage_service.py": 1776289152.1234863,
  "backend/tests/test_pdf_service.py": 1776248419.1348016,
  "backend/tests/test_question_service.py": 1775396528.4351192,
  "backend/tests/test_results_route.py": 1776289143.0473988,
  "backend/tests/test_llm_service.py": 1776472667.424459,
  "backend/tests/test_evaluation_progress.py": 1775427553.8569589,
  "backend/tests/test_similarity.py": 1776562180.9776647,
  "backend/tests/test_progress_route.py": 1775427483.1906624,
  "backend/models/assessment.py": 1776289665.8224752,
  "backend/models/health.py": 1776289317.8928437,
  "backend/models/__init__.py": 1775333189.4381816,
  "backend/routes/results.py": 1776289369.8437927,
  "backend/routes/health.py": 1776289329.9803808,
  "backend/routes/__init__.py": 1775333189.4382405,
  "backend/routes/assess.py": 1776289358.4362252,
  "backend/routes/progress.py": 1775427508.2150824,
  "backend/routes/task_result.py": 1775427510.236175,
  "backend/services/gemini_request_coordinator.py": 1776472759.350896,
  "backend/services/pdf_service.py": 1776248419.132036,
  "backend/services/question_service.py": 1775396560.1288738,
  "backend/services/__init__.py": 1775333189.4383023,
  "backend/services/progress_service.py": 1776289285.2109075,
  "backend/services/llm_service.py": 1776472780.5884051,
  "backend/services/assessment_service.py": 1775474623.1449404,
  "backend/services/result_storage_service.py": 1776289267.9139414,
  "backend/services/evaluation_service.py": 1776289294.8203762,
  "PROJECT_DOCUMENTATION_2.md": 1776420772.2468908,
  "README.md": 1776421349.281477,
  "REVIEW.md": 1776261263.373886,
  "CLAUDE.md": 1776572521.248237,
  "frontend/README.md": 1776421355.6170504,
  "frontend/REVIEW.md": 1776212202.6313617,
  "backend/requirements.txt": 1776202440.7119746,
  "backend/REVIEW.md": 1776200998.4084451,
  "graphify-out/GRAPH_REPORT.md": 1776576326.9065187,
  "backend/uploads/9e853487-820a-4195-9392-7e890a256b01.pdf": 1775817087.5463412,
  "backend/uploads/0b9f002c-8249-4098-a43c-34394927c2b2.pdf": 1776247998.979827,
  "uploads/94065fc3-35e0-4b67-ae97-eeedab8144dc.jpg": 1776259355.5977738,
  "uploads/43abacf2-ff71-4dc8-be5a-dadbf775a12c.jpg": 1776183030.0379994,
  "uploads/c015110a-14c2-482d-afb2-6c41c1b2fc09.jpg": 1776259355.5980096,
  "backend/uploads/Zeeya_004_CC_Assign_2_pages-to-jpg-0001.jpg": 1776179115.5815334,
  "backend/uploads/e210ef83-d404-43a7-b0b6-6d378a61248a.png": 1775812354.7906172
}